[
  {
    "Field": "asset_id",
    "Type": "int(11) unsigned",
    "Default": "0",
    "Comment": "FK to the #__assets table"
  },
  {
    "Field": "parent_id",
    "Type": "int(11) unsigned",
    "Default": "0",
    "Comment": "ID of the parent item"
  },
  {
    "Field": "lft",
    "Type": "int(11) unsigned",
    "Default": "0",
    "Comment": ""
  },
  {
    "Field": "rgt",
    "Type": "int(11) unsigned",
    "Default": "0",
    "Comment": ""
  },
  {
    "Field": "level",
    "Type": "int(11) unsigned",
    "Default": "0",
    "Comment": ""
  },
  {
    "Field": "path",
    "Type": "varchar(255)",
    "Default": "",
    "Comment": ""
  },
  {
    "Field": "catid",
    "Type": "int(11)",
    "Default": "0",
    "Comment": ""
  },
  {
    "Field": "alias",
    "Type": "varchar(255)",
    "Default": "",
    "Comment": ""
  },
  {
    "Field": "ordering",
    "Type": "int(11)",
    "Default": "0",
    "Comment": ""
  },
  {
    "Field": "published",
    "Type": "tinyint(3)",
    "Default": "0",
    "Comment": ""
  },
  {
    "Field": "checked_out",
    "Type": "int(11)",
    "Default": "0",
    "Comment": ""
  },
  {
    "Field": "checked_out_time",
    "Type": "datetime",
    "Default": "0000-00-00 00:00:00",
    "Comment": ""
  },
  {
    "Field": "created",
    "Type": "datetime",
    "Default": "0000-00-00 00:00:00",
    "Comment": ""
  },
  {
    "Field": "created_by",
    "Type": "int(11)",
    "Default": "0",
    "Comment": ""
  },
  {
    "Field": "created_by_alias",
    "Type": "varchar(255)",
    "Default": "",
    "Comment": ""
  },
  {
    "Field": "modified",
    "Type": "datetime",
    "Default": "0000-00-00 00:00:00",
    "Comment": ""
  },
  {
    "Field": "modified_by",
    "Type": "int(11)",
    "Default": "0",
    "Comment": ""
  },
  {
    "Field": "publish_up",
    "Type": "datetime",
    "Default": "0000-00-00 00:00:00",
    "Comment": ""
  },
  {
    "Field": "publish_down",
    "Type": "datetime",
    "Default": "0000-00-00 00:00:00",
    "Comment": ""
  },
  {
    "Field": "images",
    "Type": "text",
    "Default": "",
    "Comment": ""
  },
  {
    "Field": "version",
    "Type": "int(11)",
    "Default": "0",
    "Comment": ""
  },
  {
    "Field": "hits",
    "Type": "int(11)",
    "Default": "0",
    "Comment": ""
  },
  {
    "Field": "access",
    "Type": "int(11)",
    "Default": "0",
    "Comment": ""
  },
  {
    "Field": "language",
    "Type": "char(7)",
    "Default": "",
    "Comment": "The language code for the item"
  },
  {
    "Field": "params",
    "Type": "text",
    "Default": "",
    "Comment": ""
  },
  {
    "Field": "metadata",
    "Type": "text",
    "Default": "",
    "Comment": ""
  },
  {
    "Field": "metakey",
    "Type": "text",
    "Default": "",
    "Comment": ""
  },
  {
    "Field": "metadesc",
    "Type": "text",
    "Default": "",
    "Comment": ""
  }
]