<?xml version="1.0" encoding="UTF-8" ?>
<extension type="package" version="3.4">
	<name>jdeveloper</name>
	<creationDate>Jul 2015</creationDate>
	<packagename>jdeveloper</packagename>
	<version>3.10.2.1</version>
	<copyright>Copyright (C) 2014, Tilo-Lars Flasche. All rights reserved.</copyright>	
	<license>http://www.gnu.org/licenses/gpl-2.0.html</license>	
	<packager>Tilo-Lars Flasche</packager>
	<packageremail></packageremail>
	<packagerurl></packagerurl>
	<description>JDeveloper</description>
	<update></update>
	<files>
		<file type="component" id="com_jdeveloper_v3.10.1.2">com_jdeveloper_v3.10.2.1.zip</file>
		<file type="library" id="lib_jcms_v3.0.1">lib_jcms_v3.0.1.zip</file>
	</files>
</extension>